{"train": {"error": [0.084233, 0.060522, 0.069748, 0.064858, 0.062644, 0.057016, 0.054987, 0.054987, 0.053234, 0.051942, 0.051665, 0.048805, 0.046868, 0.04779, 0.046868, 0.045115, 0.045576, 0.043085, 0.043177, 0.039764, 0.040594, 0.036996, 0.035704, 0.034413, 0.033398, 0.033029, 0.030999, 0.029892, 0.028231, 0.027217, 0.026109, 0.025833, 0.025187, 0.024541, 0.023711, 0.022696, 0.021589, 0.020943, 0.020113, 0.019005, 0.01836, 0.01716, 0.016238, 0.015684, 0.015131, 0.014485, 0.013193, 0.012547, 0.012086, 0.010887, 0.010425, 0.009779, 0.009964, 0.009226, 0.008765, 0.008119, 0.007934, 0.007658, 0.007565, 0.007381, 0.007012, 0.006827, 0.006735, 0.006458, 0.006274, 0.006366, 0.006089, 0.00572, 0.005628, 0.005443, 0.005351, 0.004982, 0.004797, 0.004705, 0.004521, 0.004152, 0.004059, 0.003783, 0.003783, 0.003321, 0.003229, 0.003137, 0.003045, 0.002676, 0.002768, 0.002676, 0.002583, 0.002676, 0.002583, 0.002306, 0.002214, 0.002214, 0.001937, 0.001937, 0.001661, 0.001661, 0.001568, 0.001568, 0.001476, 0.001476, 0.001476, 0.001384, 0.001292, 0.001199, 0.001199, 0.001199, 0.001107, 0.000923, 0.000923, 0.000923, 0.000923, 0.000738, 0.000646, 0.000646, 0.000646, 0.000646, 0.000646, 0.000646, 0.000461, 0.000369, 0.000369, 0.000185, 0.000185, 0.000185, 0.000185, 9.2e-05, 0.000185, 9.2e-05, 0.000185, 9.2e-05, 9.2e-05, 9.2e-05, 9.2e-05, 9.2e-05, 9.2e-05, 9.2e-05, 9.2e-05, 9.2e-05, 9.2e-05, 9.2e-05, 9.2e-05, 9.2e-05, 9.2e-05, 9.2e-05, 9.2e-05, 9.2e-05, 9.2e-05, 9.2e-05, 9.2e-05, 9.2e-05, 9.2e-05, 9.2e-05, 9.2e-05, 0.0, 0.0, 0.0, 0.0, 0.0, 0.0, 0.0, 0.0, 0.0, 0.0, 0.0, 0.0, 0.0, 0.0, 0.0, 0.0, 0.0, 0.0, 0.0, 0.0, 0.0, 0.0, 0.0, 0.0, 0.0, 0.0, 0.0, 0.0, 0.0, 0.0, 0.0, 0.0, 0.0, 0.0, 0.0, 0.0, 0.0, 0.0, 0.0, 0.0, 0.0, 0.0, 0.0, 0.0, 0.0, 0.0, 0.0, 0.0, 0.0, 0.0, 0.0, 0.0, 0.0, 0.0, 0.0, 0.0, 0.0, 0.0, 0.0, 0.0, 0.0, 0.0, 0.0, 0.0, 0.0, 0.0, 0.0, 0.0, 0.0, 0.0, 0.0, 0.0, 0.0, 0.0, 0.0, 0.0, 0.0, 0.0, 0.0], "auc": [0.95201, 0.97616, 0.978065, 0.979612, 0.984655, 0.985529, 0.98601, 0.986812, 0.988596, 0.991271, 0.991853, 0.991881, 0.993562, 0.994119, 0.995086, 0.995781, 0.996222, 0.996498, 0.997166, 0.997359, 0.997502, 0.997615, 0.997842, 0.998004, 0.998197, 0.998243, 0.998325, 0.998472, 0.998545, 0.998624, 0.998777, 0.998774, 0.998828, 0.99891, 0.998933, 0.99893, 0.998973, 0.998981, 0.999083, 0.999111, 0.999128, 0.999211, 0.999199, 0.999382, 0.999428, 0.999506, 0.999549, 0.999589, 0.999646, 0.999639, 0.999653, 0.999669, 0.999712, 0.999747, 0.999841, 0.999853, 0.999888, 0.999888, 0.999906, 0.999913, 0.999915, 0.99992, 0.99992, 0.999929, 0.999929, 0.999931, 0.999931, 0.999934, 0.999958, 0.99996, 0.999973, 0.999973, 0.999971, 0.999973, 0.999984, 0.999986, 0.999988, 0.999994, 0.999994, 0.999994, 0.999995, 0.999997, 0.999998, 0.999998, 0.999998, 0.999998, 0.999999, 0.999999, 1.0, 1.0, 1.0, 1.0, 1.0, 1.0, 1.0, 1.0, 1.0, 1.0, 1.0, 1.0, 1.0, 1.0, 1.0, 1.0, 1.0, 1.0, 1.0, 1.0, 1.0, 1.0, 1.0, 1.0, 1.0, 1.0, 1.0, 1.0, 1.0, 1.0, 1.0, 1.0, 1.0, 1.0, 1.0, 1.0, 1.0, 1.0, 1.0, 1.0, 1.0, 1.0, 1.0, 1.0, 1.0, 1.0, 1.0, 1.0, 1.0, 1.0, 1.0, 1.0, 1.0, 1.0, 1.0, 1.0, 1.0, 1.0, 1.0, 1.0, 1.0, 1.0, 1.0, 1.0, 1.0, 1.0, 1.0, 1.0, 1.0, 1.0, 1.0, 1.0, 1.0, 1.0, 1.0, 1.0, 1.0, 1.0, 1.0, 1.0, 1.0, 1.0, 1.0, 1.0, 1.0, 1.0, 1.0, 1.0, 1.0, 1.0, 1.0, 1.0, 1.0, 1.0, 1.0, 1.0, 1.0, 1.0, 1.0, 1.0, 1.0, 1.0, 1.0, 1.0, 1.0, 1.0, 1.0, 1.0, 1.0, 1.0, 1.0, 1.0, 1.0, 1.0, 1.0, 1.0, 1.0, 1.0, 1.0, 1.0, 1.0, 1.0, 1.0, 1.0, 1.0, 1.0, 1.0, 1.0, 1.0, 1.0, 1.0, 1.0, 1.0, 1.0, 1.0, 1.0, 1.0, 1.0, 1.0, 1.0, 1.0, 1.0, 1.0, 1.0], "aucpr": [0.237576, 0.395408, 0.410624, 0.42362, 0.483465, 0.491547, 0.494152, 0.506051, 0.548862, 0.623378, 0.620747, 0.62022, 0.676355, 0.697458, 0.727484, 0.755761, 0.774372, 0.782278, 0.831583, 0.837721, 0.842213, 0.845338, 0.858579, 0.864527, 0.879566, 0.880913, 0.884163, 0.893038, 0.898057, 0.905433, 0.915312, 0.914803, 0.91591, 0.920331, 0.921877, 0.920967, 0.919969, 0.920367, 0.925088, 0.929628, 0.930081, 0.943679, 0.940665, 0.949852, 0.954254, 0.958264, 0.964495, 0.968464, 0.972475, 0.971154, 0.971698, 0.973021, 0.976422, 0.979073, 0.990185, 0.990613, 0.992449, 0.992357, 0.993308, 0.993665, 0.993748, 0.993955, 0.993716, 0.994114, 0.994007, 0.994228, 0.994248, 0.994636, 0.997317, 0.997484, 0.998454, 0.998466, 0.998347, 0.998466, 0.999173, 0.999268, 0.999367, 0.999671, 0.999671, 0.999671, 0.999739, 0.999871, 0.999893, 0.999915, 0.999915, 0.999893, 0.999936, 0.999936, 0.999979, 0.999979, 0.999979, 0.999979, 0.999979, 1.0, 1.0, 1.0, 1.0, 1.0, 1.0, 1.0, 1.0, 1.0, 1.0, 1.0, 1.0, 1.0, 1.0, 1.0, 1.0, 1.0, 1.0, 1.0, 1.0, 1.0, 1.0, 1.0, 1.0, 1.0, 1.0, 1.0, 1.0, 1.0, 1.0, 1.0, 1.0, 1.0, 1.0, 1.0, 1.0, 1.0, 1.0, 1.0, 1.0, 1.0, 1.0, 1.0, 1.0, 1.0, 1.0, 1.0, 1.0, 1.0, 1.0, 1.0, 1.0, 1.0, 1.0, 1.0, 1.0, 1.0, 1.0, 1.0, 1.0, 1.0, 1.0, 1.0, 1.0, 1.0, 1.0, 1.0, 1.0, 1.0, 1.0, 1.0, 1.0, 1.0, 1.0, 1.0, 1.0, 1.0, 1.0, 1.0, 1.0, 1.0, 1.0, 1.0, 1.0, 1.0, 1.0, 1.0, 1.0, 1.0, 1.0, 1.0, 1.0, 1.0, 1.0, 1.0, 1.0, 1.0, 1.0, 1.0, 1.0, 1.0, 1.0, 1.0, 1.0, 1.0, 1.0, 1.0, 1.0, 1.0, 1.0, 1.0, 1.0, 1.0, 1.0, 1.0, 1.0, 1.0, 1.0, 1.0, 1.0, 1.0, 1.0, 1.0, 1.0, 1.0, 1.0, 1.0, 1.0, 1.0, 1.0, 1.0, 1.0, 1.0, 1.0, 1.0, 1.0, 1.0, 1.0, 1.0], "logloss": [0.619879, 0.555693, 0.502146, 0.459096, 0.417304, 0.38401, 0.353053, 0.326159, 0.302661, 0.281148, 0.262879, 0.246411, 0.230266, 0.2171, 0.203536, 0.19107, 0.180585, 0.170678, 0.161013, 0.152155, 0.144383, 0.137047, 0.129405, 0.12306, 0.116744, 0.111928, 0.10614, 0.10156, 0.096876, 0.093092, 0.088945, 0.086111, 0.082272, 0.079067, 0.076054, 0.072914, 0.06999, 0.067181, 0.064388, 0.061619, 0.059305, 0.056969, 0.054915, 0.05233, 0.05034, 0.048336, 0.046463, 0.044917, 0.043072, 0.041555, 0.040175, 0.038801, 0.037377, 0.036001, 0.03446, 0.033078, 0.031724, 0.030783, 0.029676, 0.028974, 0.028289, 0.027328, 0.026442, 0.025338, 0.024695, 0.024016, 0.023505, 0.022773, 0.022136, 0.021671, 0.021057, 0.0203, 0.019805, 0.019401, 0.018856, 0.018304, 0.017905, 0.017277, 0.016945, 0.016602, 0.016156, 0.015686, 0.015273, 0.014647, 0.01418, 0.013689, 0.013294, 0.012958, 0.012648, 0.012136, 0.011905, 0.011654, 0.01133, 0.011149, 0.010691, 0.010461, 0.010265, 0.00994, 0.009649, 0.009411, 0.009266, 0.008963, 0.008623, 0.008356, 0.008258, 0.008055, 0.007809, 0.007647, 0.007475, 0.007286, 0.007059, 0.006854, 0.006678, 0.00651, 0.006358, 0.006202, 0.006032, 0.005849, 0.005709, 0.005594, 0.005517, 0.005397, 0.005328, 0.005224, 0.005104, 0.005004, 0.004912, 0.004817, 0.004713, 0.004561, 0.004443, 0.004348, 0.004234, 0.004116, 0.004064, 0.003997, 0.003945, 0.003831, 0.003761, 0.003725, 0.003628, 0.003544, 0.003456, 0.003386, 0.00333, 0.00326, 0.00319, 0.003137, 0.00306, 0.002985, 0.002938, 0.002859, 0.002781, 0.002728, 0.002692, 0.002631, 0.002575, 0.002518, 0.002465, 0.002414, 0.002376, 0.002325, 0.002274, 0.002223, 0.002177, 0.002142, 0.002112, 0.002072, 0.002029, 0.001991, 0.001958, 0.001921, 0.001884, 0.001847, 0.001818, 0.001788, 0.001765, 0.001726, 0.001697, 0.001671, 0.001643, 0.001621, 0.0016, 0.001577, 0.001546, 0.00152, 0.001494, 0.001473, 0.001453, 0.00143, 0.001412, 0.001401, 0.001386, 0.001369, 0.001356, 0.001346, 0.001328, 0.001316, 0.001298, 0.001287, 0.001274, 0.001259, 0.001246, 0.001232, 0.001224, 0.001217, 0.00121, 0.001199, 0.001191, 0.001185, 0.001181, 0.001165, 0.00116, 0.001152, 0.001153, 0.001141, 0.001132, 0.001132, 0.001132, 0.001132, 0.001132, 0.001132, 0.001132, 0.001132, 0.001132, 0.001132, 0.001132, 0.001132, 0.001132, 0.001132, 0.001132, 0.001132]},