{"train": {"error": [0.009837, 0.009837, 0.009837, 0.009837, 0.009837, 0.009837, 0.009837, 0.009837, 0.009837, 0.009837, 0.009837, 0.009837, 0.009837, 0.009837, 0.009837, 0.009837, 0.009837, 0.009837, 0.009837, 0.009837, 0.009837, 0.009837, 0.009837, 0.009837, 0.009837, 0.009837, 0.009837, 0.009837, 0.009837, 0.009837, 0.009837, 0.009837, 0.009837, 0.009837, 0.009837, 0.009837, 0.009837, 0.009837, 0.009837, 0.009837, 0.009837, 0.009837, 0.009837, 0.009837, 0.009837, 0.009837, 0.009837, 0.009837, 0.009837, 0.009837, 0.009837, 0.009837, 0.009837, 0.009837, 0.009837, 0.009837, 0.009837, 0.009837, 0.009837, 0.009837, 0.009837, 0.009837, 0.009837, 0.009837, 0.009837, 0.009814, 0.009814, 0.009814, 0.009806, 0.009814, 0.009806, 0.009798, 0.009814, 0.009814, 0.009814, 0.009814, 0.009814, 0.009814, 0.009814, 0.009806, 0.009814, 0.009798, 0.009791, 0.009814, 0.009798, 0.009791, 0.009729, 0.009729, 0.009729, 0.009706, 0.009668, 0.009668, 0.00966, 0.009668, 0.00966, 0.009652, 0.00966, 0.009652, 0.009644, 0.009629, 0.009614, 0.00956, 0.009591, 0.009552, 0.009537, 0.009529, 0.009506, 0.009506, 0.009521, 0.009483, 0.009529, 0.009498, 0.00946, 0.00946, 0.009444, 0.009429, 0.009406, 0.009406, 0.00939, 0.009398, 0.009367, 0.00939, 0.009375, 0.009367, 0.00936, 0.009352, 0.009344, 0.009306, 0.009313, 0.009298, 0.00929, 0.00929, 0.00929, 0.009283, 0.00926, 0.009252, 0.009283, 0.00926, 0.009283, 0.009275, 0.009267, 0.009244, 0.009244, 0.009244, 0.009252, 0.009244, 0.009229, 0.009237, 0.009237, 0.009221, 0.009213, 0.009213, 0.009237, 0.009213, 0.009206, 0.009221, 0.009206, 0.009198, 0.009206, 0.009167, 0.009167, 0.00916, 0.009167, 0.00916, 0.009167, 0.00916, 0.009167, 0.00916, 0.009136, 0.009136, 0.009136, 0.009129, 0.009121, 0.009113, 0.009129, 0.009129, 0.00909, 0.009098, 0.009098, 0.00909, 0.009059, 0.009052, 0.009036, 0.009029, 0.009006, 0.008983, 0.008975, 0.008959, 0.008944, 0.008936, 0.008967, 0.008959, 0.008944, 0.008944, 0.008906, 0.00889, 0.008882, 0.008882, 0.008882, 0.008882, 0.008875, 0.008898, 0.008882, 0.008852, 0.008836, 0.008844, 0.008844, 0.008821, 0.008813, 0.008821, 0.008813, 0.008813, 0.008844, 0.008805, 0.008805, 0.008805, 0.008805, 0.008798, 0.00879, 0.008752, 0.008736, 0.008721, 0.008729, 0.008729, 0.008736, 0.00869, 0.008667, 0.008659, 0.008636, 0.008628, 0.008628, 0.008628, 0.008644, 0.008636, 0.008636, 0.008613, 0.008613, 0.00859, 0.00859, 0.008605, 0.008598, 0.008605, 0.008582, 0.008567, 0.008559], "auc": [0.803094, 0.884843, 0.886316, 0.888326, 0.888585, 0.888357, 0.889217, 0.889031, 0.891548, 0.892347, 0.899447, 0.900802, 0.900891, 0.901813, 0.901576, 0.902562, 0.902553, 0.903533, 0.90428, 0.904575, 0.907084, 0.90714, 0.907768, 0.907725, 0.908531, 0.911225, 0.91621, 0.916729, 0.918883, 0.924016, 0.924512, 0.92534, 0.929066, 0.930999, 0.931865, 0.933098, 0.93343, 0.934143, 0.935071, 0.93602, 0.937743, 0.938645, 0.939576, 0.941295, 0.94168, 0.942927, 0.943424, 0.944399, 0.946892, 0.948196, 0.948288, 0.949867, 0.950421, 0.951677, 0.952348, 0.953292, 0.954163, 0.954789, 0.955334, 0.956118, 0.957032, 0.957465, 0.958639, 0.959038, 0.959598, 0.96017, 0.96072, 0.960948, 0.961858, 0.962005, 0.962334, 0.96282, 0.962937, 0.963463, 0.963763, 0.964258, 0.964994, 0.965271, 0.965755, 0.966004, 0.966369, 0.96664, 0.966761, 0.967098, 0.967203, 0.967307, 0.967535, 0.967815, 0.968224, 0.968439, 0.968623, 0.969302, 0.969566, 0.970125, 0.970291, 0.970545, 0.970764, 0.970946, 0.971164, 0.971402, 0.97155, 0.971671, 0.971947, 0.972254, 0.972406, 0.972615, 0.972742, 0.972869, 0.973153, 0.973341, 0.973522, 0.973722, 0.973844, 0.973946, 0.974433, 0.974582, 0.974688, 0.975154, 0.975227, 0.975379, 0.975519, 0.975623, 0.975749, 0.975932, 0.976161, 0.976285, 0.976391, 0.97659, 0.976692, 0.97684, 0.976917, 0.97697, 0.977232, 0.977336, 0.977479, 0.977622, 0.977851, 0.978023, 0.978069, 0.978214, 0.978361, 0.978434, 0.978539, 0.978598, 0.978785, 0.978875, 0.978997, 0.979061, 0.979204, 0.979319, 0.97939, 0.979439, 0.979505, 0.979596, 0.979928, 0.980033, 0.980166, 0.980254, 0.980362, 0.980757, 0.980825, 0.980917, 0.980983, 0.981044, 0.981202, 0.98129, 0.981412, 0.981489, 0.981614, 0.981688, 0.981795, 0.981897, 0.982014, 0.98208, 0.982153, 0.982247, 0.982344, 0.982424, 0.982495, 0.982559, 0.982622, 0.982678, 0.982729, 0.982826, 0.982885, 0.982982, 0.983043, 0.983012, 0.98309, 0.983177, 0.983254, 0.983297, 0.983381, 0.983463, 0.983536, 0.983631, 0.983677, 0.983839, 0.983878, 0.983964, 0.984024, 0.984074, 0.984215, 0.984575, 0.984597, 0.984656, 0.984712, 0.984902, 0.984963, 0.98501, 0.985153, 0.985334, 0.985392, 0.985459, 0.98548, 0.985554, 0.985724, 0.985793, 0.985877, 0.985929, 0.985998, 0.986071, 0.986101, 0.986146, 0.986286, 0.986338, 0.98647, 0.986506, 0.986541, 0.986599, 0.986629, 0.98668, 0.986747, 0.986829, 0.9869, 0.986961, 0.986987, 0.98706, 0.987125, 0.98721, 0.987242, 0.987264, 0.987296, 0.987334, 0.987386], "aucpr": [0.091396, 0.12562, 0.132163, 0.130676, 0.133567, 0.132111, 0.134041, 0.136167, 0.14881, 0.153265, 0.152551, 0.15334, 0.154113, 0.159158, 0.158068, 0.163376, 0.162557, 0.166982, 0.167158, 0.171363, 0.173347, 0.174254, 0.175805, 0.175398, 0.17614, 0.17801, 0.179624, 0.189335, 0.189538, 0.191891, 0.192968, 0.196161, 0.20135, 0.204093, 0.205397, 0.207361, 0.208531, 0.208762, 0.211068, 0.211452, 0.211754, 0.215008, 0.215765, 0.219069, 0.221852, 0.222462, 0.224803, 0.227249, 0.230423, 0.231655, 0.236367, 0.237013, 0.237979, 0.240491, 0.243295, 0.243752, 0.24478, 0.245901, 0.249102, 0.249601, 0.254459, 0.256595, 0.258284, 0.262002, 0.265953, 0.269443, 0.270751, 0.272279, 0.275183, 0.275498, 0.279106, 0.283131, 0.28428, 0.285658, 0.287782, 0.288792, 0.292095, 0.294381, 0.294554, 0.296039, 0.29908, 0.300809, 0.302027, 0.303872, 0.306793, 0.310953, 0.313499, 0.317336, 0.320209, 0.321717, 0.324886, 0.326439, 0.327228, 0.327446, 0.329327, 0.331568, 0.332799, 0.336122, 0.340571, 0.341937, 0.343732, 0.347887, 0.350092, 0.354979, 0.357445, 0.358585, 0.360932, 0.362994, 0.365637, 0.367684, 0.368866, 0.369415, 0.372308, 0.374778, 0.374988, 0.375811, 0.378944, 0.37941, 0.380855, 0.382342, 0.384356, 0.386189, 0.387318, 0.388693, 0.391796, 0.393155, 0.393672, 0.397473, 0.399372, 0.402384, 0.404484, 0.406149, 0.407554, 0.409979, 0.411962, 0.412915, 0.414409, 0.417282, 0.419307, 0.421153, 0.422021, 0.423569, 0.426446, 0.427315, 0.428497, 0.4305, 0.432283, 0.433229, 0.435688, 0.437426, 0.438987, 0.440335, 0.44274, 0.444857, 0.445574, 0.447024, 0.45021, 0.451418, 0.452223, 0.456547, 0.457658, 0.459871, 0.460828, 0.463324, 0.464661, 0.466867, 0.468421, 0.470035, 0.471242, 0.472522, 0.474816, 0.47651, 0.477994, 0.480551, 0.482025, 0.483368, 0.484981, 0.486639, 0.488222, 0.48891, 0.49105, 0.492907, 0.494849, 0.496608, 0.49789, 0.499456, 0.501394, 0.503207, 0.504239, 0.506317, 0.507728, 0.509225, 0.509963, 0.511873, 0.513648, 0.515792, 0.517125, 0.518363, 0.518749, 0.519903, 0.521424, 0.522783, 0.523973, 0.526114, 0.528195, 0.529613, 0.531105, 0.531752, 0.532916, 0.534601, 0.536193, 0.536731, 0.539227, 0.541169, 0.542706, 0.543933, 0.545417, 0.546642, 0.547383, 0.548262, 0.549889, 0.551779, 0.553328, 0.554564, 0.555454, 0.556747, 0.557374, 0.559182, 0.560281, 0.56118, 0.561475, 0.563049, 0.564763, 0.566193, 0.567516, 0.569557, 0.571293, 0.571683, 0.573998, 0.575477, 0.576542, 0.577356, 0.57958, 0.58057, 0.581614],