{"train": {"error": [0.017431, 0.017431, 0.016697, 0.016789, 0.017706, 0.017706, 0.017706, 0.017706, 0.017615, 0.01789, 0.017798, 0.017706, 0.017798, 0.017798, 0.017615, 0.017248, 0.017706, 0.017798, 0.017064, 0.017431, 0.016972, 0.016697, 0.016606, 0.016606, 0.016422, 0.01633, 0.016239, 0.016147, 0.015872, 0.015688, 0.015596, 0.015596, 0.015688, 0.015596, 0.015596, 0.015688, 0.015505, 0.015505, 0.015138, 0.015321, 0.015138, 0.015046, 0.014954, 0.014404, 0.014404, 0.014312, 0.014037, 0.013945, 0.013945, 0.013761, 0.013945, 0.013761, 0.013486, 0.013394, 0.013303, 0.013394, 0.013303, 0.013028, 0.013119, 0.013028, 0.012752, 0.012661, 0.012661, 0.012569, 0.012385, 0.012294, 0.012294, 0.01211, 0.011743, 0.011743, 0.011743, 0.011468, 0.011376, 0.011376, 0.011376, 0.011284, 0.011193, 0.011101, 0.011009, 0.011009, 0.011009, 0.010459, 0.010367, 0.010092, 0.01, 0.009725, 0.009725, 0.009541, 0.009633, 0.009633, 0.00945, 0.009633, 0.009083, 0.008991, 0.008991, 0.008807, 0.008624, 0.008807, 0.008532, 0.008532, 0.008257, 0.008073, 0.007982, 0.007982, 0.007798, 0.007523, 0.007339, 0.007523, 0.007339, 0.007339, 0.007248, 0.007156, 0.007156, 0.007156, 0.006789, 0.006514, 0.006697, 0.006606, 0.006422, 0.005963, 0.005963, 0.005872, 0.005596, 0.005688], "auc": [0.733518, 0.853507, 0.85449, 0.867523, 0.87382, 0.877268, 0.87742, 0.877946, 0.889669, 0.902448, 0.903524, 0.903852, 0.90426, 0.912669, 0.914105, 0.942243, 0.942795, 0.942823, 0.946996, 0.953798, 0.954537, 0.957468, 0.958844, 0.959557, 0.960043, 0.960579, 0.968252, 0.968237, 0.968479, 0.968847, 0.969629, 0.973913, 0.974773, 0.976001, 0.977289, 0.978116, 0.97892, 0.979363, 0.979824, 0.980429, 0.981088, 0.981749, 0.982343, 0.983234, 0.983566, 0.984018, 0.984407, 0.985402, 0.985785, 0.986068, 0.986472, 0.987083, 0.987633, 0.987998, 0.988608, 0.988872, 0.989064, 0.98932, 0.989875, 0.990034, 0.990457, 0.990819, 0.991084, 0.99131, 0.991598, 0.991876, 0.991954, 0.9923, 0.992637, 0.992904, 0.993072, 0.993301, 0.993393, 0.99347, 0.993614, 0.993969, 0.994211, 0.994326, 0.994533, 0.994617, 0.99478, 0.994969, 0.995232, 0.995326, 0.995469, 0.995534, 0.995813, 0.995914, 0.996055, 0.996203, 0.996407, 0.996499, 0.996627, 0.996699, 0.99684, 0.997103, 0.9972, 0.997245, 0.997356, 0.997445, 0.997547, 0.997664, 0.997768, 0.997851, 0.997892, 0.997987, 0.998077, 0.998175, 0.998242, 0.998303, 0.998401, 0.99845, 0.998487, 0.998498, 0.998545, 0.998598, 0.998624, 0.998678, 0.998737, 0.998793, 0.998826, 0.998849, 0.998897, 0.998917], "logloss": [0.604007, 0.530999, 0.470138, 0.418557, 0.374582, 0.336845, 0.304045, 0.275474, 0.2505, 0.228491, 0.209167, 0.192079, 0.176939, 0.163506, 0.151501, 0.14069, 0.131168, 0.122671, 0.114958, 0.108094, 0.10195, 0.09636, 0.091357, 0.086863, 0.082739, 0.079072, 0.075587, 0.072594, 0.069889, 0.067333, 0.064944, 0.062839, 0.060866, 0.059124, 0.057438, 0.055914, 0.054502, 0.053219, 0.052038, 0.050857, 0.049752, 0.04876, 0.047815, 0.046727, 0.045893, 0.04508, 0.044349, 0.043511, 0.042835, 0.042225, 0.041575, 0.040993, 0.040241, 0.039697, 0.039087, 0.03863, 0.038161, 0.037602, 0.037023, 0.036612, 0.036101, 0.035589, 0.035209, 0.034733, 0.034341, 0.033902, 0.033573, 0.033175, 0.032774, 0.032396, 0.032088, 0.031713, 0.031438, 0.031083, 0.030726, 0.030346, 0.029998, 0.029716, 0.029366, 0.029099, 0.028816, 0.028511, 0.028191, 0.027914, 0.027651, 0.027424, 0.027119, 0.026883, 0.026605, 0.02639, 0.026111, 0.025839, 0.025583, 0.025376, 0.025121, 0.024866, 0.024624, 0.024385, 0.024163, 0.023914, 0.023708, 0.023447, 0.023209, 0.022998, 0.022821, 0.022627, 0.02243, 0.022216, 0.022012, 0.021811, 0.021615, 0.021417, 0.02129, 0.021081, 0.020877, 0.020728, 0.020542, 0.020352, 0.02016, 0.019976, 0.019809, 0.019652, 0.019468, 0.019328], "aucpr": [0.297498, 0.352451, 0.429327, 0.462181, 0.488844, 0.476884, 0.489693, 0.49492, 0.505774, 0.530878, 0.529914, 0.537376, 0.536452, 0.536985, 0.545102, 0.553632, 0.555897, 0.559133, 0.559714, 0.569399, 0.57209, 0.577005, 0.578557, 0.584933, 0.589442, 0.58975, 0.599135, 0.602584, 0.6041, 0.605484, 0.614028, 0.615008, 0.615654, 0.618893, 0.623618, 0.627761, 0.631831, 0.638535, 0.643517, 0.649559, 0.650751, 0.654545, 0.660137, 0.666826, 0.671452, 0.675384, 0.680539, 0.692413, 0.69832, 0.702352, 0.707872, 0.712152, 0.720232, 0.724492, 0.73294, 0.737334, 0.741504, 0.746862, 0.754197, 0.757436, 0.765069, 0.773204, 0.775841, 0.78323, 0.786266, 0.791766, 0.794184, 0.80198, 0.805071, 0.811971, 0.814181, 0.819669, 0.822297, 0.825121, 0.829376, 0.83361, 0.83811, 0.839584, 0.842693, 0.845679, 0.850624, 0.853067, 0.856919, 0.860104, 0.865088, 0.866876, 0.87045, 0.87362, 0.876639, 0.879337, 0.882907, 0.884733, 0.887468, 0.888847, 0.891976, 0.895833, 0.898593, 0.900699, 0.903325, 0.905592, 0.907847, 0.909902, 0.91196, 0.915265, 0.916998, 0.919136, 0.922042, 0.925069, 0.927459, 0.929033, 0.931942, 0.933442, 0.934892, 0.936372, 0.938299, 0.940248, 0.941068, 0.942283, 0.944426, 0.946199, 0.947831, 0.948752, 0.950617, 0.951539]}, "eval": {"error": [0.025748, 0.025748, 0.025748, 0.025748, 0.025748, 0.025748, 0.025748, 0.025748, 0.025748, 0.025748, 0.024917, 0.024917, 0.025748, 0.025748, 0.024917, 0.024086, 0.024917, 0.024917, 0.024086, 0.024917, 0.024086, 0.024086, 0.024086, 0.024086, 0.024086, 0.024086, 0.023256, 0.024086, 0.024086, 0.024086, 0.024086, 0.024086, 0.024086, 0.024917, 0.025748, 0.025748, 0.024917, 0.024086, 0.024086, 0.024917, 0.024917, 0.024917, 0.024086, 0.024086, 0.024086, 0.024917, 0.024917, 0.024917, 0.024917, 0.024086, 0.024086, 0.024917, 0.024917, 0.024917, 0.024917, 0.024917, 0.024917, 0.024086, 0.024917, 0.024917, 0.024917, 0.024917, 0.024917, 0.024917, 0.024917, 0.024917, 0.024917, 0.024917, 0.024917, 0.024917, 0.024086, 0.024917, 0.024917, 0.024917, 0.024086, 0.024086, 0.023256, 0.023256, 0.023256, 0.023256, 0.023256, 0.023256, 0.023256, 0.023256, 0.023256, 0.023256, 0.022425, 0.023256, 0.022425, 0.023256, 0.022425, 0.022425, 0.022425, 0.022425, 0.022425, 0.022425, 0.023256, 0.023256, 0.023256, 0.023256, 0.023256, 0.023256, 0.023256, 0.023256, 0.023256, 0.023256, 0.023256, 0.022425, 0.022425, 0.022425, 0.022425, 0.022425, 0.023256, 0.022425, 0.023256, 0.023256, 0.023256, 0.023256, 0.023256, 0.023256, 0.023256, 0.023256, 0.023256, 0.023256], "auc": [0.592913, 0.82182, 0.821893, 0.824798, 0.823316, 0.8227, 0.824446, 0.823316, 0.828467, 0.872649, 0.87328, 0.872957, 0.873544, 0.874468, 0.872986, 0.899032, 0.899002, 0.899501, 0.927674, 0.932399, 0.936508, 0.94, 0.942172, 0.942318, 0.942157, 0.943639, 0.94628, 0.945987, 0.945488, 0.945635, 0.946471, 0.947205, 0.962905, 0.962494, 0.963184, 0.965444, 0.967938, 0.968173, 0.967997, 0.97033, 0.971269, 0.971886, 0.972531, 0.972414, 0.972238, 0.972384, 0.973324, 0.973206, 0.973177, 0.97303, 0.973441, 0.975114, 0.97482, 0.9762, 0.976082, 0.97617, 0.976023, 0.977168, 0.976963, 0.976963, 0.977638, 0.977667, 0.97796, 0.977726, 0.977872, 0.97799, 0.978048, 0.979222, 0.97934, 0.979398, 0.979633, 0.979868, 0.979897, 0.979927, 0.980132, 0.980103, 0.980015, 0.980103, 0.979985, 0.98022, 0.98069, 0.980455, 0.980748, 0.980778, 0.980631, 0.980895, 0.981482, 0.981599, 0.981511, 0.980895, 0.981042, 0.980367, 0.980308, 0.980249, 0.980719, 0.980895, 0.98066, 0.980778, 0.981482, 0.981306, 0.981189, 0.981218, 0.981511, 0.981599, 0.98157, 0.981365, 0.981453, 0.98113, 0.980778, 0.980924, 0.980954, 0.98066, 0.980807, 0.980836, 0.981335, 0.981335, 0.981365, 0.981423, 0.981277, 0.98113, 0.9811, 0.981306, 0.981012, 0.980924],